{
    "total_runtime": 21.623435735702515,
    "num_documents": 1,
    "update_documents": 0,
    "input_load_time": 0,
    "workflows": {
        "load_input_documents": {
            "overall": 0.018932580947875977
        },
        "create_base_text_units": {
            "overall": 0.016207218170166016
        },
        "create_final_documents": {
            "overall": 0.016278743743896484
        },
        "extract_graph": {
            "overall": 0.06931710243225098
        },
        "finalize_graph": {
            "overall": 6.177345514297485
        },
        "extract_covariates": {
            "overall": 0.0
        },
        "create_communities": {
            "overall": 0.038149118423461914
        },
        "create_final_text_units": {
            "overall": 0.038062095642089844
        },
        "create_community_reports": {
            "overall": 13.546066284179688
        },
        "generate_text_embeddings": {
            "overall": 1.7030770778656006
        }
    }
}